Player,Position,Country,Team,Signing_Bonus,Position_Group,Bonus_Tier
Diego Tornes,OF,Cuba,Braves,2497500,Outfield,$2M+
Kevin Alvarez,OF,Cuba,Astros,2000000,Outfield,$2M+
Alejandro Cruz,3B,Cuba,White Sox,2000000,Infield,$2M+
Raudy Reyes,RHP,Dominican Republic,,1797500,Pitcher,$1M-$1.99M
Darell Morel,INF,Dominican Republic,,1778600,Infield,$1M-$1.99M
Breyson Guedez,OF,Venezuela,,1500000,Outfield,$1M-$1.99M
Yulian Barreto,INF,Venezuela,,1118700,Infield,$1M-$1.99M
Juan Tomas,SS,Dominican Republic,,1100000,Infield,$1M-$1.99M
Daniel Hernandez,C,Venezuela,,1100000,Catcher,$1M-$1.99M
Juan Sanchez,SS,Dominican Republic,,997500,Infield,$500K-$999K
Alam Bruno,SS,Dominican Republic,,950000,Infield,$500K-$999K
Yilver De Paula,SS,Dominican Republic,,900000,Infield,$500K-$999K
Gabriel Rodriguez,OF,Venezuela,,900000,Outfield,$500K-$999K
Jose Ramirez,OF,Venezuela,,897500,Outfield,$500K-$999K
Ruben Castillo,OF,Dominican Republic,,875000,Outfield,$500K-$999K
Wandi Feliz,OF,Dominican Republic,,850000,Outfield,$500K-$999K
Enry Torres,C,Venezuela,,800000,Catcher,$500K-$999K
Carlos Benavides,C,Venezuela,,797500,Catcher,$500K-$999K
Elaineiker Coronado,SS,Venezuela,,797500,Infield,$500K-$999K
Luis Garcia,SS,Dominican Republic,,775000,Infield,$500K-$999K
Juan Rujano,INF,Panama,,750000,Infield,$500K-$999K
Rosniell De Paula,SS,Dominican Republic,,750000,Infield,$500K-$999K
Isaias Castillo,OF,Dominican Republic,,750000,Outfield,$500K-$999K
Kamuel Villar,SS,Dominican Republic,,750000,Infield,$500K-$999K
Elias Marrero,INF,Dominican Republic,,700000,Infield,$500K-$999K
Eliezer Alfonzo,SS,Venezuela,,700000,Infield,$500K-$999K
Isaac Garcia,OF,Venezuela,,700000,Outfield,$500K-$999K
Deivis Velasquez,C,Venezuela,,620000,Catcher,$500K-$999K
Maikol Rodriguez,OF,Cuba,,600000,Outfield,$500K-$999K
Sebastian Blanco,INF,Venezuela,,600000,Infield,$500K-$999K
Elias Perez,OF,Dominican Republic,,600000,Outfield,$500K-$999K
Kennew Blanco,INF,Venezuela,,597500,Infield,$500K-$999K
Orlando Patino,OF,Venezuela,,570000,Outfield,$500K-$999K
Anthony Abreu,SS,Dominican Republic,,550000,Infield,$500K-$999K
Ronny Suarez,CF,Venezuela,,550000,Outfield,$500K-$999K
Juan Brima,SS,Dominican Republic,,500000,Infield,$500K-$999K
Yorvit Diaz,SS,Dominican Republic,,500000,Infield,$500K-$999K
Hector Ramos,SS,Dominican Republic,,500000,Infield,$500K-$999K
Emmanuel Cedeno,INF,Dominican Republic,,500000,Infield,$500K-$999K
Angel Salio,INF,Dominican Republic,,500000,Infield,$500K-$999K
Miguel Hernandez,SS,Venezuela,,500000,Infield,$500K-$999K
Mayki De La Rosa,CF,Dominican Republic,,500000,Outfield,$500K-$999K
Jhon Simon,INF,Dominican Republic,,497500,Infield,Under $500K
Meykel Baro,INF,Cuba,,497500,Infield,Under $500K
Isais Chavez,C,Venezuela,,480000,Catcher,Under $500K
Anthony Millán,OF,Venezuela,,472500,Outfield,Under $500K
Gustavo Baptista,C,Venezuela,,450000,Catcher,Under $500K
Rony Bello,INF,Dominican Republic,,450000,Infield,Under $500K
Yeferson Portolatin,SS,Dominican Republic,,450000,Infield,Under $500K
Angel Carmona,INF,Venezuela,,447500,Infield,Under $500K
Anderson Diaz,LHP,Venezuela,,447500,Pitcher,Under $500K
Juan Rojas,SS,Dominican Republic,,447500,Infield,Under $500K
Geremy Villoria,RHP,Venezuela,,425000,Pitcher,Under $500K
Brian Tiburco,RHP,Dominican Republic,,425000,Pitcher,Under $500K
Jose Barrios,INF,Venezuela,,422500,Infield,Under $500K
Yoslaniel Hernandez,LHP,Dominican Republic,,400000,Pitcher,Under $500K
Carlos Bello,SS,Dominican Republic,,400000,Infield,Under $500K
Esnaider Vargas,INF,Dominican Republic,,400000,Infield,Under $500K
Jose Riera,SS,Venezuela,,400000,Infield,Under $500K
Adrian Pena,RHP,Dominican Republic,,400000,Pitcher,Under $500K
Yordan Rodriguez,RHP,Cuba,,400000,Pitcher,Under $500K
Yojancel Cabrera,SS,Dominican Republic,,400000,Infield,Under $500K
Jose Santana,SS,Dominican Republic,,400000,Infield,Under $500K
Pedro Núñez,RHP,Dominican Republic,,400000,Pitcher,Under $500K
Marconi German,INF,Dominican Republic,,400000,Infield,Under $500K
Joyner Perez,OF,Dominican Republic,,397500,Outfield,Under $500K
Jhonger Ochoa,INF,Venezuela,,397500,Infield,Under $500K
Emil Martinez,SS,Dominican Republic,,397500,Infield,Under $500K
Ronald Terrero,INF,Cuba,,397500,Infield,Under $500K
Oliver Guerrero,OF,Dominican Republic,,397500,Outfield,Under $500K
Luis Tovar,INF,Venezuela,,397500,Infield,Under $500K
Omar Damian,RHP,Dominican Republic,,397500,Pitcher,Under $500K
Luis King,OF,Dominican Republic,,388500,Outfield,Under $500K
Angel De Los Santos,INF,Dominican Republic,,387500,Infield,Under $500K
Yeison Acosta,C,Cuba,,372500,Catcher,Under $500K
Adrian Torres,LHP,Panama,,362500,Pitcher,Under $500K
Jefrank Silva,INF,Venezuela,,350000,Infield,Under $500K
Cesar Familia,RHP,Dominican Republic,,350000,Pitcher,Under $500K
Alan Escobar,OF,Venezuela,,350000,Outfield,Under $500K
Christopher Cordero,RHP,Dominican Republic,,350000,Pitcher,Under $500K
Jealmy Frias,INF,Dominican Republic,,350000,Infield,Under $500K
Melky Ventura,RHP,Dominican Republic,,350000,Pitcher,Under $500K
Leonardo Carpio,OF,Venezuela,,350000,Outfield,Under $500K
Brainerh Palacios,C,Venezuela,,350000,Catcher,Under $500K
Cesar Paredes,SS,Dominican Republic,,350000,Infield,Under $500K
Alexander Frias,OF,Dominican Republic,,350000,Outfield,Under $500K
Daniel Gomez,RHP,Venezuela,,350000,Pitcher,Under $500K
Gerlyn Payano,OF,Dominican Republic,,350000,Outfield,Under $500K
Jonierbis Garces,OF,Venezuela,,350000,Outfield,Under $500K
Santiago Martinez,SS,Venezuela,,347500,Infield,Under $500K
Johan Machado,INF,Venezuela,,330000,Infield,Under $500K
Jhomnardo Reyes,OF,Dominican Republic,,322500,Outfield,Under $500K
Luis Galan,SS,Dominican Republic,,320000,Infield,Under $500K
Feliz Genao,3B,Dominican Republic,,300000,Infield,Under $500K
Victor Santana,3B,Dominican Republic,,300000,Infield,Under $500K
Yostin Pena,OF,Dominican Republic,,300000,Outfield,Under $500K
Eryks Rivero,OF,Venezuela,,300000,Outfield,Under $500K
Junior Suriel,OF,Dominican Republic,,300000,Outfield,Under $500K
Yelinson Betances,OF,Dominican Republic,,300000,Outfield,Under $500K
Albert Morel,RHP,Dominican Republic,,300000,Pitcher,Under $500K
Eybert Sanchez,SS,Venezuela,,300000,Infield,Under $500K
Emile Torres,OF,Dominican Republic,,300000,Outfield,Under $500K
Edgardo Figueroa,C,Venezuela,,300000,Catcher,Under $500K
Dayber Cruceta,OF,Dominican Republic,,300000,Outfield,Under $500K
Adrian Valdez,OF,Dominican Republic,,300000,Outfield,Under $500K
Yordani Soto,INF,Dominican Republic,,300000,Infield,Under $500K
Jhonny Morao,RHP,Venezuela,,300000,Pitcher,Under $500K
Edison Charles,OF,Dominican Republic,,300000,Outfield,Under $500K
